{"sane": true, "normalizes": true, "log_prob": -764.8340489228722, "avg_log_prob": -1.5296680978457444, "perplexity": 4.616644293802549}